Sample #,time 0,time 1,time 2,time 3,time 4,time 5,time 6,time 7,time 8,time 9,
0,0,1.10646,-0.745434,-0.506706,-1.2874,-0.732018,0.376357,-2.38424,-3.04555,-0.730801,
1,0,2.1557,2.17294,2.84318,0.270278,0.120209,0.845205,1.02211,-0.434863,-0.823001,
2,0,-1.58513,-1.37858,-2.92411,-0.530452,-1.06876,-1.63082,0.884357,-0.549072,-2.07807,
3,0,0.956018,-0.8789,0.781072,-0.0256229,-1.00222,-2.11234,-3.43111,-1.12171,-1.78879,
4,0,1.79609,1.15004,0.279669,0.611895,0.527456,0.554713,-0.644144,0.247112,-0.260726,
5,0,1.65911,-0.419918,1.29715,1.85011,1.02051,1.76596,2.46084,-6.8615e-05,-0.174059,
