Sample #,time 0,time 1,time 2,time 3,time 4,time 5,time 6,time 7,time 8,time 9,
0,0,-0.402143,-1.36659,0.435669,-0.226375,-1.08965,0.207362,-0.35372,-0.436992,0.258437,
1,0,-0.300733,-0.202973,0.733395,0.118909,-0.0861798,-0.424622,0.0258723,-1.34746,0.0123352,
2,0,-0.21934,-0.529852,0.316274,0.389669,-0.236046,-0.132227,-1.16197,-0.262743,-0.464173,
3,0,-0.403337,-0.473029,-0.892941,-0.599085,-1.01302,-0.0298111,-0.918903,-0.00954899,-1.19734,
4,0,-0.284219,-0.033737,-0.688476,-0.247926,-0.706644,0.609276,0.751562,0.842226,-0.093338,
5,0,1.86027,0.591348,0.341555,0.526716,-1.48497,-0.39012,0.186772,-1.35769,-0.628981,
