Sample #,time 0,time 1,time 2,time 3,time 4,time 5,time 6,time 7,time 8,time 9,
0,1,5.57866,5.61037,6.03202,6.89297,6.09078,6.33381,4.92974,5.73776,6.19689,
1,1,6.22255,5.74116,6.01749,5.98842,5.49412,5.54808,5.67836,6.27305,6.09618,
2,1,7.11572,6.51533,5.85089,5.97011,6.00548,5.75049,4.98561,5.43857,6.49659,
3,1,6.78636,6.17918,7.00215,6.76213,6.46571,7.06451,4.59162,4.13515,5.26361,
4,1,5.86452,6.85375,6.26307,5.24756,4.66869,5.6865,5.65179,5.56277,6.33307,
5,1,7.28838,5.73397,5.82907,5.18476,6.44704,6.54078,5.2429,5.62205,6.5303,
