Sample #,time 0,time 1,time 2,time 3,time 4,time 5,time 6,time 7,time 8,time 9,
0,0,0.286846,-0.45216,0.470397,0.100979,0.610558,0.581908,-1.45944,0.0172858,0.573859,
1,0,-5.71315,-5.16297,-2.11302,-1.00366,2.00225,4.47576,7.41257,5.95326,4.13859,
2,0,-1.91844,-3.42597,-2.69214,-2.06555,-2.76088,-3.07529,0.842404,0.507296,1.28505,
3,0,-0.302993,-0.163989,0.0210237,-0.0337117,-1.90575,-0.940312,0.423575,2.15606,0.737991,
4,0,-0.357092,-0.440238,-0.614763,-0.504001,-0.032735,-0.70771,-0.114693,-0.0914916,0.435711,
5,0,1.81905,1.64883,2.74014,2.94851,2.33076,1.72142,1.93199,1.90082,1.54575,
