Sample #,time 0,time 1,time 2,time 3,time 4,time 5,time 6,time 7,time 8,time 9,
0,12.7907,7.60368,8.00386,6.77484,6.72687,9.22486,12.0027,9.87332,8.7296,7.49242,
1,18.2857,11.8471,4.98668,3.21563,4.20718,6.93941,8.96038,12.141,12.8917,15.0392,
2,23.1026,19.3491,16.7408,14.3869,13.3546,13.3591,16.3499,16.6128,17.7845,17.5707,
3,20.9421,17.0951,15.8576,14.6114,16.6055,15.768,14.6454,18.8477,17.1132,17.644,
4,24.3217,19.5056,16.4052,13.5394,14.0462,13.1937,17.7704,16.9916,16.4535,18.2416,
5,22.5184,16.3954,12.4784,11.2084,11.4587,12.5433,14.1066,14.9658,13.4128,17.4389,
