Sample #,time 0,time 1,time 2,time 3,time 4,time 5,time 6,time 7,time 8,time 9,
0,24.2213,23.6299,22.8979,18.516,12.926,7.90401,9.30658,10.285,13.9069,21.3643,
1,8.93648,8.36257,8.38402,8.57736,8.92657,8.1845,4.9841,2.4948,-0.0534132,3.38609,
2,1.3587,0.0329713,0.119564,0.0745339,0.145405,-0.155849,0.0528816,-0.00541978,0.149454,-0.00320599,
3,1.15441,0.132798,-0.159555,-0.0894082,-0.000391229,0.00882994,0.0218709,0.0769164,-0.0373963,0.0908652,
4,1.14139,0.0191014,-0.118175,-0.0263283,-0.045458,-0.0425406,0.0754554,0.0710304,-0.045538,0.0154218,
5,0.971306,0.0245722,-0.126546,-0.129624,-0.0123768,-0.109328,0.049187,-0.134787,-0.0636714,-0.024209,
