Sample #,time 0,time 1,time 2,time 3,time 4,time 5,time 6,time 7,time 8,time 9,
0,26.2069,5.38919,1.84864,1.88357,-2.53925,0.832898,-1.9145,2.82272,-0.179144,6.38715,
1,30.3837,5.73392,3.81459,-1.20789,-4.61834,-1.81208,3.97779,0.103921,-0.62708,11.3437,
2,24.6257,3.41108,0.439657,0.564542,-2.73288,-0.48191,-3.67313,-1.00467,-0.532568,-0.411094,
3,23.3906,5.1757,4.69727,-1.59146,3.03053,1.33566,3.04627,-0.0490972,-0.0877474,4.02969,
4,32.7719,5.93148,2.56799,-2.50496,-0.11086,-2.45267,-3.26903,-0.56129,-0.510837,3.70715,
5,28.329,9.2444,4.53104,-0.0337653,3.79507,1.69029,0.390782,0.433717,-1.26301,3.91394,
