Sample #,time 0,time 1,time 2,time 3,time 4,time 5,time 6,time 7,time 8,time 9,
0,1.22133,0.251251,0.179076,-0.0542719,0.146845,-0.0511286,-0.0864115,0.0185033,0.0317152,0.0484439,
1,2.6992,2.16228,1.96987,2.13487,1.77382,0.0607948,0.0137202,-0.245556,-0.062432,0.146587,
2,0.903669,0.0577036,-0.0503714,0.00846875,-0.0802454,-0.0703637,-0.00271134,0.0215935,0.0288476,-0.0902978,
3,1.47546,0.1342,0.089761,-0.183135,-0.0725613,-0.0812661,0.00957604,-0.0125791,0.0638078,0.292953,
4,1.09595,0.205025,-0.00969534,-0.0678666,-0.0189784,0.134048,-0.0587639,0.0560064,0.00858658,0.0979765,
5,2.064,-0.109712,-0.0755235,0.042669,0.0227561,0.0182484,-0.0356246,-0.0112939,0.0656634,0.899056,
