Configuration,value,
0,-0.698529,
1,-0.70087,
2,-0.700154,
3,-0.701064,
4,-0.697872,
5,-0.698541,
6,-0.700277,
7,-0.700941,
8,-0.700218,
9,-0.700338,
