Sample #,value,
0,-0.829407,
1,-0.830115,
2,-0.830679,
3,-0.830425,
4,-0.829949,
5,-0.831603,
