Sample #,value,
0,-0.698529,
1,-0.70087,
2,-0.700154,
3,-0.701064,
4,-0.697872,
5,-0.698541,
