Sample #,value,
0,-0.487371,
1,-0.485678,
2,-0.484083,
3,-0.485948,
4,-0.484283,
5,-0.484503,
