Sample #,value,
0,-0.827418,
1,-0.827999,
2,-0.829401,
3,-0.831468,
4,-0.83094,
5,-0.829492,
